,id,title,genre,story
366,811674,A New Dawn at 40,Coming-of-Middle-Age,"Chapter 1: The Dawn of a New Life

    As the sun began to rise over the small suburban town of Fairfield, a man named Richard Thompson prepared to face the world on his 40th birthday. Richard was a man of average height with short brown hair, a balding spot on top, and a pair of glasses that seemed to have been through several wars. He was a middle school teacher who had spent the past 20 years in the same profession. He had a wife, Alice, and two children, Timothy and Emily. His life was ordinary, predictable, and he wouldn't have had it any other way.

    Richard's day began as it always did: with a cup of coffee and a crossword puzzle. He enjoyed the challenge of the puzzles and found solace in their repetitive nature. As he sipped his coffee, he couldn't help but think about the upcoming day and the new decade that lay ahead of him. Richard had always been one to appreciate the beauty in simplicity. He was content with his life, but deep down, he felt a longing for something more.

    Chapter 2: A Wake-Up Call

    Richard's morning routine was interrupted by the sound of his phone ringing. It was a call from his best friend, Mark, who had recently moved to a different city. Mark had always been the adventurous one in their friendship, and Richard often envied his ability to break free from the mundane.

    ""Hey, buddy,"" Mark said cheerfully, ""I'm in town for the weekend and I was wondering if you'd like to catch up over dinner tonight.""

    Richard hesitated, unsure of how to respond. He had been so caught up in his everyday routine that he had barely made time for his friends lately. But the idea of spending an evening away from his responsibilities was enticing.

    ""Of course, I'd love to,"" Richard replied, a hint of excitement in his voice.

    Chapter 3: A Night to Remember

    That evening, Richard and Mark met at a cozy Italian restaurant in town. As they caught up on each other's lives, Mark couldn't help but notice that his friend seemed to be in a bit of a rut.

    ""You know, Rich, you've been stuck in that same job for years now. You deserve more than that,"" Mark said, genuinely concerned. ""What's stopping you from making a change?""

    Richard sighed, realizing that Mark was right. For years, he had been living a life that was comfortable, but ultimately unfulfilling.

    ""I don't know, Mark. I guess I'm just afraid of change,"" Richard admitted.

    Chapter 4: A Leap of Faith

    As the days passed, Richard couldn't shake the feeling that Mark's words had resonated with him. He began to question his own choices and wondered if there was more to life than the monotonous routine he had become accustomed to.

    One day, while browsing through the job listings online, Richard stumbled upon an ad for a teaching position at a prestigious private school. The salary was more than double what he was currently making, and the job seemed like the perfect opportunity for a fresh start.

    Richard hesitated, torn between the safety of his current job and the uncertainty of a new beginning. But as he thought about the life he could have with this new opportunity, he realized that he had nothing to lose.

    Chapter 5: A New Chapter

    Richard applied for the position and, to his surprise, was offered the job. He decided to keep his decision a secret from his family, at least until he had given his notice at his old school.

    On the day he was to start his new job, Richard woke up early, before the sun had risen. He took a deep breath, knowing that this was the beginning of a new chapter in his life.

    Chapter 6: A Journey of Self-Discovery

    As Richard settled into his new role as a teacher at the prestigious private school, he found that the environment was much more dynamic than his previous job. He was surrounded by like-minded individuals who were passionate about their work and eager to learn.

    One day, during a staff meeting, the school's principal announced that they would be hosting a workshop on personal development and growth. Richard was intrigued and decided to attend.

    Chapter 7: A Turning Point

    During the workshop, the speaker discussed the importance of self-reflection and the power of setting goals. Richard was captivated by the idea that he could take control of his own destiny and create the life he had always wanted.

    As he sat in the conference room, Richard made a decision. He would no longer allow fear to hold him back from pursuing his dreams. He would take risks and embrace change, no matter how scary it might be.

    Chapter 8: A New Beginning

    Over the next few years, Richard's life underwent a transformation. He became an active member of the school community, participating in extracurricular activities and attending workshops on personal growth. He even began to write a blog about his journey, sharing his experiences with others who were also searching for meaning in their lives.

    Richard's relationship with his family also improved. He made a conscious effort to spend more quality time with them and to be present in their lives. He realized that, while his career was important, his family was the most precious gift he could ever receive.

    Chapter 9: A Happy Ending

    On Richard's 43rd birthday, he sat down with his family to celebrate. As they enjoyed a delicious cake and shared stories, Richard felt a sense of gratitude and fulfillment that he had never experienced before.

    He looked around the table, at the faces of his wife and children, and knew that he had finally found the life he had been searching for.

    Epilogue: A New Dawn

    As Richard gazed out the window, watching the sun rise over the small suburban town of Fairfield, he couldn't help but feel a sense of awe and wonder. He had come a long way since his 40th birthday, and he knew that he had many more adventures and challenges ahead of him.

    But for now, Richard was content to bask in the warmth of the sun, knowing that he had finally embraced the journey of coming-of-middle-age and discovered the true meaning of happiness."
714,768600,The Enchanted Forest of Eldoria,Fairy Tale,"In the far reaches of a vast and magical land lay the Enchanted Forest of Eldoria. Eldoria was a place where the most wondrous of creatures resided, and where the most fantastical of events occurred. The forest was a place of beauty and mystery, where the trees were adorned with vibrant colors, and the ground was covered with a carpet of soft, luminescent moss.

Deep within the heart of Eldoria, there was a small, humble village called Elden. Elden was home to a group of kind-hearted and brave villagers who lived in harmony with the creatures of the forest. The villagers were led by a wise and just leader named Eldric, who had the ability to communicate with the animals and plants of the forest.

One day, Eldric received a message from a mysterious and ancient tree, known as the Wise Tree, which was located at the very center of the Enchanted Forest. The Wise Tree had spoken to Eldric in a voice that resonated with the wind, and it warned him of an impending danger.

""A great evil has awakened in the depths of the forest, and its darkness threatens the very existence of Elden and the Enchanted Forest,"" the Wise Tree said. ""A hero must be found to face this darkness and restore balance to the realm.""

Eldric knew that the time had come for him to find a hero, so he gathered the villagers of Elden and spoke of the Wise Tree's message. The villagers were filled with fear and uncertainty, but they also knew that they could not allow the darkness to consume their home.

""We must find a hero among us,"" Eldric declared, ""for it is our duty to protect the Enchanted Forest and all who dwell within it.""

The villagers began to search for a hero among their ranks, and they soon discovered that there were three young men who possessed the qualities of a true hero. These three young men were the sons of the village blacksmith, the village healer, and the village librarian.

The first son, named Aiden, was a skilled blacksmith who had a strong and sturdy build. He was known for his unwavering strength and determination. The second son, named Ethan, was a kind-hearted healer who possessed a deep understanding of nature and the healing arts. The third son, named Liam, was a wise and knowledgeable librarian who had a knack for solving complex problems.

Eldric gathered the three young men and told them of the Wise Tree's message and the great evil that had awakened in the Enchanted Forest. The three brothers knew that it was their duty to protect their home and their people, so they agreed to embark on a quest to face the darkness.

And so, Aiden, Ethan, and Liam set out on their journey to find the source of the darkness and defeat it. As they ventured deeper into the Enchanted Forest, they encountered many fantastical creatures, some of which aided them in their quest, and others that hindered them.

They fought their way through a labyrinth of ancient ruins, where they discovered the remnants of a long-lost civilization. They also traversed a treacherous mountain pass, where they encountered a fearsome dragon that guarded a hidden passage.

Through their journey, Aiden, Ethan, and Liam learned to work together as a team, each of them utilizing their unique skills to overcome the many challenges that they faced. They also formed friendships with the creatures of the Enchanted Forest, who aided them in their quest.

As the three brothers continued their journey, they eventually arrived at the heart of the Enchanted Forest, where they found the ancient tree known as the Wise Tree. The Wise Tree spoke to them and revealed the nature of the great evil that had awakened.

""The darkness that threatens the Enchanted Forest is an ancient and malevolent spirit, known as the Shadow Lord, who has been imprisoned within the heart of the forest for many centuries,"" the Wise Tree said. ""The Shadow Lord has been awakened by a group of evil sorcerers, who seek to use his power to conquer the world and cast a shadow over all of creation.""

The three brothers knew that they had to face the Shadow Lord and his evil minions, and they prepared themselves for the greatest battle of their lives. Before they embarked on their final quest, the Wise Tree bestowed upon them a powerful artifact, known as the Heartstone, which would grant them the strength and wisdom to face the darkness.

Aiden, Ethan, and Liam set out to confront the Shadow Lord and his evil minions, and they fought their way through countless hordes of darkness. Along the way, they faced the evil sorcerers who had awakened the Shadow Lord, and they defeated them one by one, taking their powerful artifacts and adding them to their arsenal.

As they drew closer to the heart of the darkness, Aiden, Ethan, and Liam began to feel the weight of the evil that surrounded them. They were weary and battle-scarred, but they knew that they could not rest until they had defeated the Shadow Lord and saved the Enchanted Forest.

Finally, they arrived at the lair of the Shadow Lord, a desolate and dark place where the very air seemed to be tainted by the malevolent spirit. As they entered the lair, they were confronted by the Shadow Lord himself, a towering and monstrous figure that seemed to be made of shadows and darkness.

The three brothers engaged the Shadow Lord in a fierce battle, each of them utilizing their unique skills to strike at the heart of the darkness. Aiden, the blacksmith, smashed his mighty hammer against the Shadow Lord, unleashing a torrent of thunderous blows that echoed throughout the lair. Ethan, the healer, channeled the healing power of nature, attempting to cleanse the Shadow Lord's tainted essence. Liam, the librarian, used his vast knowledge and cunning to weave intricate spells that sought to undo the Shadow Lord's dark magic.

As the battle raged on, the Shadow Lord began to weaken, his dark essence beginning to unravel and dissipate. The three brothers fought on, determined to see the darkness vanquished once and for all.

In the final moments of the battle, Aiden, Ethan, and Liam unleashed their most powerful attacks, each of them striking a fatal blow against the Shadow Lord. As the malevolent spirit was finally destroyed, the darkness that had consumed the Enchanted Forest began to fade away, and the land was once again filled with light and life.

The Wise Tree, which had watched the battle unfold from a distance, spoke to the three brothers and commended them for their bravery and sacrifice.

""Your deeds shall be remembered for all eternity, and the Enchanted Forest shall forever be a place of peace and harmony, thanks to your heroism,"" the Wise Tree said. ""You have fulfilled your destiny as the heroes of the Enchanted Forest, and your names shall be inscribed in the annals of history.""

And so, Aiden, Ethan, and Liam returned to the village of Elden as the heroes that they had become. They were hailed as champions by their people, and their names were forever enshrined in the lore of the Enchanted Forest.

The people of Elden lived in peace and harmony for many generations, and the Enchanted Forest flourished under their care. The three brothers, Aiden, Ethan, and Liam, continued to protect the land and its people, always vigilant against the forces of darkness that sought to bring chaos and despair to the realm.

And thus, the tale of the Enchanted Forest of Eldria and its heroes, Aiden, Ethan, and Liam, shall be remembered for all time, a testament to the power of friendship, courage, and the indomitable spirit of heroism."
705,983437,The Chronicles of the Forgotten Kingdom,Historical Fiction,"In the heart of the ancient land of Aryavarta, a forgotten kingdom lay hidden, nestled within the verdant embrace of the dense jungles. This was the kingdom of Vanarastra, a land of myth and legend, where the divine and mortal realms coalesced into a symphony of breathtaking beauty and untold perils.

    The tale begins in the year 1234 BCE, during the reign of King Harishchandra, a just and noble ruler, who was as well-known for his unwavering honesty as he was for his wisdom and valor. Harishchandra's reign was an era of peace and prosperity for the people of Vanarastra, and the kingdom thrived under his benevolent rule.

    In this time of tranquility, the kingdom was home to many heroes and villains, each with their own unique stories and fates. Among these were the brave and loyal General Agyaat, who had been by the king's side since his days as a young prince; the cunning and ruthless Prime Minister Shuurpanakha, who sought to usurp the throne for her own nefarious purposes; and the enigmatic sage Vashisht, who guided the king through the trials and tribulations that lay ahead.

    One fateful day, King Harishchandra received a prophecy from the wise sage Vashisht, who foretold of a great calamity that would befall the kingdom in the coming years. This calamity would take the form of a powerful and malevolent demon, whose insidious influence would threaten to consume the entire kingdom, bringing about its ruin and descent into darkness.

    To prevent this catastrophe, the king was instructed to embark on a perilous quest to the mystical and treacherous Mountain of Eternal Fire, where the demon's true form could be revealed and vanquished. With the support of his trusted advisors and allies, Harishchandra prepared to undertake this harrowing journey, one that would test the limits of his courage, wisdom, and devotion to his people.

    As the king and his companions ventured forth into the unknown, they encountered a myriad of challenges and obstacles, each more treacherous and perilous than the last. From the deadly sands of the Scorching Desert, where the merciless sun threatened to extinguish their very souls, to the treacherous depths of the Haunted Forest, where the shadows of the past stalked their every step, the king and his companions faced trials that would have broken the spirit of lesser men.

    Throughout their journey, King Harishchandra's unwavering honesty and integrity shone like a beacon, guiding him and his companions through the darkest and most perilous of times. Time and again, the king's noble heart and unyielding devotion to his people proved to be the key to overcoming the seemingly insurmountable obstacles that lay in their path.

    As the kingdom's heroes drew ever closer to the Mountain of Eternal Fire, the shadows of darkness began to gather, as the malevolent forces of evil coalesced around them, seeking to thwart their quest and ensure the kingdom's destruction. Led by the cunning and ruthless Prime Minister Shuurpanakha, who had long ago succumbed to the allure of power and betrayal, the forces of darkness waged a relentless and merciless campaign against the king and his companions.

    In the midst of this escalating conflict, the king and his allies found themselves pursued by an army of unholy monstrosities, summoned forth by the demonic powers that sought to bring about the kingdom's demise. Among these horrific abominations was the monstrous Gajendra, a fearsome demonic elephant whose very touch was said to bring about instant death.

    As the king and his companions raced towards the Mountain of Eternal Fire, they were beset by the terrifying beast, whose immense size and terrible power threatened to crush them beneath its relentless onslaught. With no time to lose and their very lives hanging in the balance, the king and his allies were forced to confront the monstrous Gajendra in a desperate bid to save their kingdom from the jaws of darkness.

    In the heat of the battle, the king and his companions fought with all the strength, courage, and skill that they could muster, as the weight of their kingdom's fate rested upon their shoulders. As the monstrous Gajendra reared back to deliver a killing blow, the king leapt into action, his heart filled with the unbreakable resolve to protect his people and vanquish the forces of evil that threatened their very existence.

    With a mighty roar, the king charged towards the demonic elephant, his sword raised high and gleaming with the light of a thousand suns. As the two titanic forces collided in a clash of epic proportions, the world seemed to hold its breath, as the fate of Vanarastra hung in the balance.

    In the end, it was the king's unyielding courage, his unwavering devotion to his people, and the power of his indomitable spirit that allowed him to vanquish the monstrous Gajendra and emerge victorious from the battle. As the demonic elephant's terrible reign of terror came to an end, the king and his companions pressed onward, their hearts filled with renewed hope and determination, as they drew ever closer to the Mountain of Eternal Fire.

    Upon reaching the fabled mountain, the king and his companions discovered that the demon's true form was not a monstrous creature of destruction, but rather the very darkness that had sought to consume their kingdom. In a final, epic confrontation, the king and his allies fought against the forces of darkness that threatened to engulf their world, as the weight of their kingdom's fate rested upon their shoulders.

    As the battle raged on, the king and his companions were tested in ways they could never have imagined, as the forces of evil sought to tear them asunder and bring about their ultimate defeat. Through their unwavering courage, their unbreakable resolve, and the power of their indomitable spirits, the king and his allies ultimately triumphed over the darkness that threatened to consume their world, vanquishing the demon and restoring peace and prosperity to the forgotten kingdom of Vanarastra.

    With the kingdom saved from the jaws of darkness, King Harishchandra and his companions returned to their people, their hearts filled with gratitude and pride for the sacrifices they had made in the name of their kingdom. As the sun set upon the horizon, casting its golden light upon the land, the people of Vanarastra rejoiced in their newfound freedom and the knowledge that their kingdom would endure for generations to come.

    And so, the tale of the forgotten kingdom of Vanarastra and the heroes who fought to save it from the darkness that threatened to consume it will forever be etched in the annals of history, a testament to the power of the human spirit and the indomitable courage of those who dare to stand against the forces of evil in the name of justice and the greater good."
111,227383,The Cyberpunk Chronicles: The Neon Heist,Cyberpunk,"In the sprawling metropolis of Neo-Atlantica, where the rich lived in towering skyscrapers and the poor huddled in the dark recesses of the city's underbelly, a tale of intrigue, betrayal, and redemption unfolded. This was the world of cyberpunk, where the line between man and machine blurred, and the most valuable commodity was data.

The protagonist of this tale was a man named Rook, a cyberpunk with a heart of gold who sought to make a living on the fringes of the law. With his cybernetic enhancements, he was a formidable force in the criminal underworld, but he always tried to use his skills for good.

One day, Rook received a message from a mysterious figure who went by the moniker ""The Ghost."" The Ghost was a legendary hacker, known for pulling off the most daring heists in the history of Neo-Atlantica. The message contained a detailed plan for a heist that would net them a fortune in data - a cache of information that could bring down the most powerful corporations in the city.

Rook agreed to join The Ghost, assembling a team of skilled cyberpunks to help him pull off this monumental heist. There was Sparrow, a master of hand-to-hand combat with a cybernetic arm; Iris, a genius hacker who could infiltrate any system with ease; and finally, Fade, a master of deception and illusion who could bend reality to his will.

The team set to work, training and honing their skills for the heist. They knew that failure was not an option, as the stakes were higher than ever before. The data they sought was protected by the most advanced security systems in the city, and if they failed, they would become hunted criminals, pursued by the combined might of the city's law enforcement and the corporations they sought to bring down.

The day of the heist finally arrived, and the team infiltrated the heavily guarded fortress that housed the data they sought. Rook, Iris, and Fade each went their separate ways, using their unique abilities to breach the facility's defenses. Sparrow, meanwhile, kept a lookout for any signs of trouble, ready to spring into action if needed.

As they worked, the team encountered a myriad of challenges and obstacles. They faced off against deadly security drones, navigated through mazes of laser grids, and even had to outwit the building's artificial intelligence. However, through their combined efforts, they managed to make their way deep into the facility.

Finally, they reached the room where the data was stored. As Iris began to hack into the system, she discovered that the data they sought was not what they expected. Instead of incriminating information on the city's corrupt corporations, they found a treasure trove of personal information on every citizen of Neo-Atlantica.

The Ghost appeared in the room, revealing himself as the leader of a powerful, secretive organization that sought to expose the corruption that plagued the city. He explained that they had been deceived, and that the real target of the heist was the data itself, which would give them the power to control the city's entire population.

Rook was horrified by this revelation, realizing that they had been manipulated into stealing something far more dangerous than they had ever imagined. As they debated what to do with the data, the facility's alarms began to sound, alerting the entire city to their presence.

Realizing that they had no choice but to escape with the data, the team made their way back to their extraction point. As they fought their way through the facility, they discovered that the Ghost's organization had been infiltrated by a rival faction who sought to use the data for their own nefarious purposes.

In a climactic battle, Rook and his team fought off the rival faction, narrowly escaping the facility with the stolen data in tow. As they made their way back to their hideout, they knew that their lives had been forever changed by the events of that night.

Upon returning to their base, Rook confronted The Ghost, demanding to know why he had lied to them. The Ghost revealed that he had been double-crossed by his own organization and had no choice but to involve Rook and his team in the heist. He apologized for the deception and swore that he would make it right.

Rook and his team decided to use the data they had stolen to expose the corruption that plagued Neo-Atlantica, starting with The Ghost's own organization. They began to dismantle the criminal empire from within, taking down the corrupt leaders and returning the stolen data to the citizens of the city.

As the dust settled and the city began to rebuild, Rook and his team continued to work together, using their unique skills to protect the innocent and bring justice to those who sought to exploit the city's weaknesses. Though they had faced countless challenges and near-death experiences, they remained steadfast in their quest to make Neo-Atlantica a better place for all who called it home.

And so, the tale of Rook and his team came to be known as the greatest heist in the annals of Neo-Atlantica, a story that would inspire generations of cyberpunks to come. But as the sun set on the city's glittering skyline, one thing was clear: the fight for justice was far from over, and the heroes of the Neon Heist would continue to forge their own destiny in the shadowy underworld of the cyberpunk age."
50,468507,Harmony Chronicles Unveiled,Utopian,"In the year 2095, the world had undergone a remarkable transformation. After centuries of conflict and strife, humanity finally reached a point where they could put aside their differences and work together for the betterment of all. In this new era of unity and peace, a city was established that epitomized the ideals of harmony and cooperation. This city was called Harmony City.

Harmony City was a marvel of modern architecture and technology. Its towering structures were made of a material that was both eco-friendly and energy-efficient. The city was powered entirely by renewable sources of energy, making it a shining example of sustainability and environmental stewardship. The city's layout was designed with the utmost attention to detail, ensuring that everything functioned smoothly and efficiently.

The residents of Harmony City were diverse in their backgrounds and beliefs, but they shared a common vision for a better world. They lived in harmony with one another, working together to create a city that was not just a place to live, but a community that thrived on cooperation and mutual support.

In the heart of Harmony City was the grand Central Hub, a magnificent structure that served as the city's social and cultural center. It was here that the citizens gathered to partake in various activities, including art, music, and sports. The Hub was also home to the city's administrative offices, where the Council of Harmony met to discuss and implement policies that would benefit the entire city.

At the head of the Council of Harmony was Mayor Aria, an inspiring and charismatic leader who had been instrumental in the establishment of Harmony City. Under her guidance, the city had flourished, and its residents had come to see her as a beacon of hope and a symbol of the ideal society they were striving to create.

As the years passed, Harmony City continued to grow and prosper. Its residents enjoyed a high quality of life, with access to excellent healthcare, education, and entertainment. The city's crime rate was virtually non-existent, and its streets were safe and welcoming for all.

However, not everyone in the world was ready to embrace the ideals of Harmony City. In the outlying regions, there were still pockets of resistance and unrest. A shadowy organization known as the Resurgence sought to undo the progress that had been made and return the world to a state of chaos and conflict.

The Resurgence was led by a man named Malcolm Vore, a former military strategist who had become disillusioned with the world's inability to achieve lasting peace. He believed that the only way to bring about change was through force and intimidation, and he was determined to see his vision come to fruition, no matter the cost.

Malcolm Vore had amassed a formidable force of loyal followers, who were willing to do whatever it took to bring down Harmony City and the Council of Harmony. Their primary weapon was the manipulation of technology, using it to create devastating weapons and other means of destruction.

The Resurgence had been operating in the shadows for years, carrying out covert attacks on Harmony City and its allies. Their actions had been largely unnoticed, as the city's security forces were focused on maintaining peace and order within their borders.

Mayor Aria and the Council of Harmony were aware of the threat posed by the Resurgence, but they were reluctant to take drastic measures that could jeopardize the harmony and cooperation that had been achieved within the city. They believed that the best way to counter the Resurgence was through diplomacy and negotiation, rather than force and intimidation.

As the Resurgence's attacks became more frequent and more devastating, the Council of Harmony finally realized that they could no longer ignore the threat posed by their enemies. They decided to create a special task force, composed of the city's most skilled and dedicated citizens, to combat the Resurgence and protect the ideals upon which Harmony City was founded.

This task force, known as the Guardians of Harmony, was made up of individuals from all walks of life, each with their own unique set of skills and abilities. They were united by their shared belief in the importance of harmony and cooperation, and their unwavering dedication to the protection of their city and its residents.

The Guardians of Harmony faced numerous challenges as they sought to uncover the secrets of the Resurgence and bring its leaders to justice. They encountered treachery, betrayal, and danger at every turn, but they never wavered in their resolve.

As the conflict between the Guardians of Harmony and the Resurgence intensified, a group of citizens within Harmony City began to question the Council's approach to the situation. They believed that the city's leaders were too trusting of their enemies and too reluctant to use force to protect their people. This group, known as the Vanguard, sought to take matters into their own hands, believing that they could achieve a quicker and more decisive victory over the Resurgence through direct action.

The Vanguard's actions caused a rift within Harmony City, as the citizens were divided over the best way to deal with the threat posed by the Resurgence. The Guardians of Harmony, on the other hand, remained committed to their mission, determined to protect their city and its ideals, no matter the cost.

As the conflict between the two groups escalated, the Resurgence saw an opportunity to exploit the divisions within Harmony City. They launched a series of devastating attacks on the city, targeting its vital infrastructure and causing widespread destruction. The citizens of Harmony City were left reeling, as they struggled to come to terms with the reality of the situation and the true extent of the threat they faced.

In the midst of this chaos, the Guardians of Harmony were called upon to rise and defend their city. They knew that the fate of Harmony City and the ideals it represented hung in the balance, and they were determined to do whatever it took to protect their home and their fellow citizens.

The Guardians of Harmony embarked on a desperate mission to uncover the secrets of the Resurgence and put an end to their reign of terror. They followed a trail of clues that led them deep into the heart of the enemy's territory, where they discovered the true extent of the Resurgence's plan.

The Resurgence had been working on a project known as Project Genesis, a plan to create a weapon of unimaginable destruction that would allow them to conquer Harmony City and bring about a new world order, one in which harmony and cooperation were a thing of the past. The Guardians of Harmony knew that they had to act quickly to prevent the Resurgence from completing their plan and plunging the world into chaos once more.

The Guardians of Harmony launched a daring assault on the Resurgence's stronghold, where Project Genesis was being developed. They fought their way through waves of enemies, using their combined skills and abilities to overcome the numerous obstacles that stood in their way.

As they drew closer to their ultimate goal, the Guardians of Harmony discovered that Project Genesis was not a physical weapon, but rather a powerful piece of technology that could manipulate the very fabric of reality. The Resurgence planned to use this technology to create a world in which conflict and strife were the norm, and where the ideals of Harmony City were all but forgotten.

The Guardians of Harmony knew that they had to destroy Project Genesis before it could be activated, but doing so would require them to make the ultimate sacrifice. They would have to confront their own fears and doubts, and find the strength within themselves to stand against the darkness that threatened to engulf their world.

As the Guardians of Harmony prepared to make their final stand, the citizens of Harmony City rallied behind them, united by their shared belief in the power of harmony and cooperation. They knew that the fate of their city and their way of life hung in the balance, and they were determined to do whatever it took to protect the ideals they held dear.

In the climactic battle that followed, the Guardians of Harmony and the citizens of Harmony City fought with every ounce of strength and determination they could muster. They faced off against the Resurgence's forces, which were led by Malcolm Vore himself, who had become a symbol of the darkness and despair that threatened to consume their world.

As the battle raged on, the Guardians of Harmony discovered that the key to destroying Project Genesis lay within themselves. They realized that the power of harmony and cooperation was not just a concept, but a force that could be harnessed and wielded against their enemies. They channeled the love, hope, and unity that had brought them together, and used it to unleash a wave of energy that tore through the Resurgence's defenses and destroyed Project Genesis.

With the destruction of Project Genesis, the power of the Resurgence was neutralized, and their forces crumbled in the face of the Guardians of Harmony and the citizens of Harmony City. Malcolm Vore was captured and brought to justice, and the remaining members of the Resurgence were either apprehended or forced to abandon their cause.

In the aftermath of the battle, the citizens of Harmony City were hailed as heroes, their selfless actions inspiring a new generation of leaders and visionaries to carry on the legacy of harmony and cooperation that had been established in their city. The Guardians of Harmony were recognized for their bravery and dedication, and they continued to serve as a beacon of hope for the people of Harmony City and the world beyond.

The story of the City of Harmony and the Guardians of Harmony serves as a reminder of the power of unity and the importance of working together to overcome the challenges and obstacles that life throws our way. It is a tale of hope, courage, and determination, and a testament to the enduring power of the human spirit."
390,832763,The Parting Laughter,Apocalyptic Comedy,"In a small, nondescript town named ""Endville,"" the inhabitants were busy going about their daily routines, blissfully unaware of the impending apocalypse. The town was an eclectic mix of people from all walks of life, each with their own unique quirks and flaws. Among them were our heroes, a group of misfits who would later find themselves in the midst of the most bizarre and unexpected adventure of their lives.

Our heroes consisted of Walter, a middle-aged man who owned the town's only gas station and was known for his dry wit and sarcasm; Sarah, a kind-hearted nurse with a penchant for saving stray animals; and Jack, a roguishly handsome drifter with a mysterious past who had recently taken up residence in Endville.

One fateful day, a strange and ominous cloud appeared in the sky, looming over the town like a dark, malevolent eye. As the residents stared at it in horror, a deep, booming voice echoed through the air, announcing the beginning of the apocalypse. The cloud was, in fact, a massive, sentient being known as ""The End,"" which had come to Earth to wipe out humanity and all other life on the planet.

The people of Endville were understandably terrified, but our heroes remained undaunted. Walter, with his cynical outlook, decided to take advantage of the situation by selling gas and supplies to the fleeing populace at exorbitant prices. Sarah, on the other hand, took it upon herself to care for the injured and the frightened, while Jack, with his skills in martial arts and his arsenal of improvised weapons, offered to protect the town.

As the days passed and the apocalypse continued, the people of Endville began to band together, forming a tight-knit community. The heroes, along with the townspeople, realized that their only hope for survival was to band together and face The End head-on.

Throughout the ordeal, the heroes faced numerous challenges and obstacles. They encountered a group of bandits who were preying on the terrified townspeople, led by the ruthless and cunning Victor. Victor, however, was no match for Jack, who managed to defeat him in a thrilling and hilarious battle, using a combination of wit, agility, and a trusty mop handle as a makeshift weapon.

Another challenge the heroes faced was a series of bizarre and inexplicable natural disasters that seemed to be orchestrated by The End. These disasters, which included tornadoes, earthquakes, and even a giant wall of water that appeared out of nowhere, wreaked havoc on the town and its inhabitants.

Despite these setbacks, the people of Endville remained steadfast in their determination to survive. Walter continued to make a profit by selling goods to the panicked townspeople, while Sarah tirelessly treated the wounded and the sick. Jack, ever the resourceful and fearless adventurer, took it upon himself to scout for supplies and information on how to defeat The End.

During one of his scouting missions, Jack stumbled upon a hidden underground bunker that was once the command center of a long-forgotten government agency. Inside the bunker, he discovered a top-secret file that contained the blueprint for a device that could potentially neutralize The End. With the help of Sarah, who translated the complex instructions, Jack set to work building the device.

In the meantime, Walter, who had grown bored of his gas station business, decided to create a new source of entertainment for the people of Endville. He organized a town-wide talent show, where the residents could showcase their skills and talents in a light-hearted and fun-filled atmosphere. The talent show was a massive success, and the people of Endville laughed and sang their way through the darkest days of the apocalypse.

Finally, after weeks of hard work, Jack and Sarah successfully constructed the device, which they dubbed the ""End Stopper."" As the heroes prepared to face The End, they were joined by the entire town, who had come together as a united and unstoppable force.

As The End loomed over the town, Jack, Walter, and Sarah activated the End Stopper, which unleashed a torrent of laughter that echoed throughout the world. The laughter was so powerful that it managed to disarm The End, causing the sentient cloud to disintegrate and vanish into thin air.

With The End defeated, the people of Endville emerged from their underground bunkers, blinking in the sunlight and marveling at the fact that they had managed to save the world. The heroes, who had played a crucial role in the town's survival, were hailed as local legends and were awarded the keys to the town, as well as a lifetime supply of gasoline for Walter.

In the aftermath of the apocalypse, the people of Endville continued to live their lives, forever grateful for the heroism of their unlikely saviors. The town remained a beacon of hope and unity, a testament to the power of community and the indomitable spirit of humanity.

As for our heroes, they continued to play their respective roles in the now-thriving town. Walter maintained his gas station, which had become a popular destination for travelers and locals alike. Sarah opened a small animal clinic, where she treated the injured and the sick, often using the town's stray animals as her assistants. Jack, ever the adventurer, continued to travel the world, but he always made sure to return to Endville, where he was welcomed with open arms and endless laughter.

And so, the people of Endville lived out their days, celebrating their triumph over the apocalypse and reveling in the knowledge that they had managed to find laughter in the darkest of times. The Last Laugh had truly saved the world, and the town of Endville would forever be a symbol of hope and resilience in the face of adversity."
187,573812,Deception's Dark Veil,Mystery Thriller,"Chapter 1: A Dark Secret

     In the heart of a bustling metropolis, there was a small, unassuming antique shop named ""The Enchanted Attic"". The shop, owned by the enigmatic Mr. Harrington, was well-known among the city's residents for its peculiar assortment of rare and mysterious artifacts.

     Mr. Harrington, a middle-aged man with a penchant for vintage clothing and a mysterious air about him, was a respected figure in the community. However, behind his charming facade, there was a dark secret that few were privy to.

     One day, a young woman named Sarah Walker stumbled upon The Enchanted Attic while searching for a unique birthday gift for her sister. Sarah, a kind-hearted and curious individual, was instantly captivated by the store's enigmatic atmosphere. As she explored the shop, she came across a dusty, old diary tucked away in a corner. The diary, adorned with an intricate, silver clasp, seemed to call out to her, and she couldn't resist the urge to take it home.

     Unbeknownst to Sarah, the diary contained a dark and sinister secret that would soon lead her down a twisted path of mystery and deception.

     Chapter 2: The Diary's Secret

     Sarah eagerly opened the diary, eager to uncover its secrets. As she flipped through the pages, she discovered that the diary belonged to a woman named Elizabeth, who lived during the early 20th century. The diary entries were filled with cryptic messages and references to an underground organization known as ""The Shadow Society"".

     As Sarah delved deeper into the diary, she began to piece together a chilling narrative. Elizabeth, it seemed, had been a member of The Shadow Society, an organization dedicated to controlling the city's affairs and manipulating its inhabitants. The Society was composed of powerful, influential individuals who wielded their authority to maintain a firm grip on the city's underbelly.

     The more Sarah read, the more she realized that The Shadow Society was not just a figment of Elizabeth's imagination, but a very real and dangerous threat to the city.

     Chapter 3: A Dark Alliance

     Sarah's discovery of The Shadow Society's existence was not met with indifference. In fact, it caught the attention of a man named Vincent, a mysterious figure who had been observing Sarah and her activities at The Enchanted Attic.

     Vincent, who was later revealed to be a high-ranking member of The Shadow Society, approached Sarah with an offer she couldn't refuse. He promised to help her uncover the truth about The Shadow Society and bring the organization to its knees, but only if she agreed to join their ranks and become their secret weapon.

     Torn between her sense of justice and her desire to expose the organization's dark deeds, Sarah reluctantly agreed to Vincent's proposition. Little did she know that by accepting his offer, she had sealed her own fate and become an unwitting pawn in The Shadow Society's sinister game.

     Chapter 4: The Race Against Time

     As Sarah delved deeper into The Shadow Society's web of deceit, she found herself increasingly entangled in their sinister machinations. With the help of a small group of unlikely allies, including a resourceful journalist named Michael and a disillusioned former member of The Shadow Society named Clara, Sarah began to uncover the organization's darkest secrets.

     The trio soon discovered that The Shadow Society was planning a series of coordinated attacks on the city's most powerful institutions, aimed at destabilizing the city and paving the way for the organization's ultimate takeover.

     With the clock ticking and the city's fate hanging in the balance, Sarah, Michael, and Clara raced against time to prevent the organization's nefarious plans from coming to fruition.

     Chapter 5: The Final Confrontation

     As Sarah and her allies worked tirelessly to thwart The Shadow Society's nefarious schemes, they were met with resistance at every turn. The organization's members, who were spread throughout the city's corridors of power, used their influence and resources to hinder their progress and discredit their efforts.

     Despite the seemingly insurmountable odds stacked against them, Sarah and her allies pressed on, determined to bring The Shadow Society's reign of terror to an end. Their efforts culminated in a final, dramatic confrontation with the organization's leader, a man known only as ""The Puppetmaster"".

     As the two sides faced off in a tense showdown, Sarah and her allies found themselves outnumbered and outgunned, with The Puppetmaster's henchmen closing in on their position. In a desperate bid to turn the tide of battle, Michael sacrificed himself, using a hidden stash of explosives to create a diversion that allowed Sarah and Clara to escape.

     With The Shadow Society's forces in disarray and their leader cornered, Sarah and Clara confronted The Puppetmaster in a climactic battle of wills. As the two sides clashed, Sarah and The Puppetmaster engaged in a fierce verbal duel, each attempting to outwit the other in a battle of wits and cunning.

     In the end, it was Sarah's unwavering determination and her refusal to succumb to the darkness that had consumed The Shadow Society that ultimately proved to be their undoing. As The Puppetmaster's defenses crumbled, Sarah and Clara emerged victorious, bringing an end to The Shadow Society's reign of terror and restoring order to the city.

     Chapter 6: The Aftermath

     With The Shadow Society vanquished and their leader brought to justice, Sarah and her allies were hailed as heroes and celebrated for their courage and determination. However, the events that had transpired had left a lasting mark on their lives, and each of them was left to grapple with the consequences of their actions.

     For Sarah, the experience had been a bitter reminder of the dark side of power and the lengths to which people would go to maintain their control over others. She had emerged from the ordeal with a newfound appreciation for the importance of truth, justice, and the power of the human spirit to overcome even the most insurmountable odds.

     As for Michael, his sacrifice had not been in vain, as his heroic actions had played a pivotal role in the battle against The Shadow Society. His legacy lived on in the hearts and minds of those who had been touched by his bravery, and his memory would continue to inspire future generations to stand up against injustice and fight for a better world.

     In the end, the story of Sarah, Michael, and Clara's epic struggle against The Shadow Society served as a powerful reminder of the importance of unity, courage, and the indomitable power of the human spirit to overcome even the darkest of challenges. And while the shadows of deception and manipulation may continue to lurk in the corners of our world, the heroes who rise to confront them will always have the power to bring light to the darkness and restore hope to the hearts of those who dare to believe in a brighter future."
518,997420,The Shadow of the Silent Tides,Espionage,"In the bustling metropolis of New York City, amidst the towering skyscrapers and the cacophony of the city streets, a clandestine world of espionage and intrigue unfolded. The year was 1963, during the height of the Cold War, and tensions between the United States and the Soviet Union had never been higher. In the shadows of this tumultuous era, a group of highly skilled agents fought to protect their nation's secrets and uncover the enemies hidden among them.

     Our story begins with the introduction of our protagonist, Jack Turner, a seasoned CIA operative with a storied history in the world of espionage. Turner had earned a reputation as a consummate professional, a man who could be relied upon to complete the most dangerous and high-stakes missions. He was a man of few words, but when he did speak, it was with the authority of years of experience and a deep understanding of the game he played.

     Turner's latest assignment saw him working under the watchful eye of his handler, a woman named Emily Thompson. Thompson was a rising star in the CIA, known for her keen intellect and her ability to remain calm under pressure. As the two embarked on their latest mission, they found themselves drawn into a web of intrigue that would test their skills and their loyalty to the very end.

     The mission began with a seemingly innocuous task: a routine surveillance operation in the heart of New York City. The target was a mysterious organization known only as the ""Silent Tides,"" a group rumored to be involved in the trafficking of sensitive intelligence between the United States and the Soviet Union. However, as Turner and Thompson delved deeper into the organization, they began to uncover a much more sinister truth.

     The Silent Tides, it seemed, was not just a facilitator of espionage, but a nefarious organization that sought to destabilize the world and plunge it into chaos. Their methods were as brutal as they were effective, and their reach extended far beyond the borders of the United States. In order to bring them down, Turner and Thompson would have to navigate a treacherous landscape of lies, betrayal, and deadly danger.

     As the pair continued their investigation, they found themselves crossing paths with a diverse cast of characters, each with their own motivations and allegiances. Among them were a former KGB agent named Ivan Kovalenko, who had defected to the United States and now sought redemption for his past sins; a beautiful and enigmatic woman named Veronica, who appeared to be the mastermind behind the Silent Tides; and a group of highly trained assassins known as the ""Silent Venom,"" who were responsible for carrying out the organization's most heinous acts.

     With each new piece of information they uncovered, Turner and Thompson found themselves drawn further into the world of the Silent Tides. They discovered that the organization was planning a series of devastating attacks against the United States, aimed at crippling the nation's defenses and leaving it vulnerable to Soviet aggression. The stakes had never been higher, and the fate of millions hung in the balance.

     As the duo raced against time to prevent the Silent Tides from achieving their nefarious goals, they found themselves forced to confront their own demons and the choices they had made in their pursuit of justice. Turner, haunted by the loss of his wife and child at the hands of a rival agent, struggled to maintain his focus and keep his emotions in check. Meanwhile, Thompson, who had long ago abandoned her former life as a Soviet spy, grappled with the knowledge that her actions had likely sealed the fate of countless innocent lives.

     In the midst of this harrowing mission, Turner and Thompson formed an unbreakable bond, their shared sense of duty and loyalty forging a connection that transcended the boundaries of their respective nations. As they drew closer to uncovering the truth behind the Silent Tides, they found themselves questioning the very foundations of their world and the moral compass that guided them.

     The final showdown between Turner and Thompson and the Silent Tides took place in a remote and heavily fortified compound on the coast of New England. As they infiltrated the heavily guarded facility, the pair discovered that the organization was planning to detonate a series of nuclear devices hidden beneath the facility, effectively plunging the United States into chaos and paving the way for a Soviet invasion.

     With the clock ticking down to zero, Turner and Thompson fought their way through the compound, eliminating the Silent Venom one by one and eventually confronting Veronica, the mastermind behind the organization. As they engaged in a deadly game of cat and mouse, the pair discovered that Veronica was none other than Emily Thompson's long-lost sister, who had been brainwashed and turned into a sleeper agent by the Soviet Union.

     In a heart-wrenching moment, Thompson was forced to make the ultimate sacrifice, shooting her sister dead in order to prevent the detonation of the nuclear devices. As the facility began to crumble around them, Turner and Thompson narrowly escaped the collapsing compound, their mission complete.

     In the aftermath of their harrowing ordeal, Turner and Thompson found themselves questioning the nature of their work and the true cost of the secrets they had uncovered. As they grappled with their own sense of loss and the knowledge that they had been complicit in the deaths of countless innocents, they vowed to dedicate their lives to the pursuit of truth and justice, no matter the personal cost.

     And so, our story comes to a close, with our heroes emerging from the shadows of the Silent Tides, their spirits unbroken and their resolve unshaken. The world may be a dark and treacherous place, but as long as there are men and women like Jack Turner and Emily Thompson, there will always be hope for a brighter future."
228,859965,The Dreamers Odyssey,Coming-of-Age,"Chapter 1: The Genesis of Dreams

In the verdant suburban sprawl of a small town called Willowbrook, there lived an 11-year-old boy named Daniel. He was a dreamer, a thinker, and a visionary who always seemed to be lost in his own world. With his mop of dark brown hair, a pair of glasses that magnified the world, and a perpetually inquisitive expression, Daniel was a peculiar character.

Daniel's world was a canvas of colors, textures, and emotions that he could only access through the pages of his favorite books. His parents, though loving, were rather preoccupied with their own lives, and as such, Daniel spent most of his time alone, exploring the nooks and crannies of his imagination.

One summer morning, Daniel discovered an abandoned house at the edge of the woods. This discovery would mark the beginning of an unforgettable chapter in his life. The house, a dilapidated structure covered in ivy, seemed to beckon him. It was as if the house itself had been waiting for someone like Daniel to stumble upon it, a kindred spirit who could see the potential beyond its decaying walls.

Daniel decided that this house would be the setting of his own world, a place where he could escape the mundane and dive into the unknown. He began spending hours there, daydreaming and constructing intricate stories about the people who may have once lived in the house.

Chapter 2: The Awakening

As the summer wore on, Daniel's adventures in the abandoned house began to take on a life of their own. The house, now christened as ""The Dreamer's Sanctum,"" became the epicenter of his vivid imagination. He would often find himself completely absorbed in his stories, losing track of time and reality.

During this time, Daniel met a girl named Lily, who lived in the house next to his. She was a year older than him and had a fiery spirit that was hard to ignore. They became fast friends, bonding over their shared love of literature, art, and adventure. Together, they spent countless hours exploring the woods, discussing their dreams, and creating stories that seemed to blur the lines between fantasy and reality.

One day, as they were sitting in the sanctum, Lily revealed a secret to Daniel. She had a unique ability to see the world through a different lens, a lens that allowed her to perceive the magic that existed just beneath the surface of reality.

Lily explained that she could see the auras and energies that emanated from living things, and that she believed the world was filled with magic, waiting to be discovered by those who were open to seeing it.

Chapter 3: The Unraveling

As the weeks went by, Daniel and Lily found themselves drawn deeper and deeper into their fantastical world. They discovered that the sanctum had a hidden room, a secret chamber that was veiled behind a wall of ivy.

Inside the chamber, they found a collection of ancient tomes, each one filled with spells, potions, and enchantments. They realized that this was no ordinary house; it was a magical library that had been hidden away for centuries, waiting for someone to rediscover its secrets.

Together, Daniel and Lily began to learn the ancient arts, casting spells and brewing potions that seemed to come to life before their very eyes. They felt a sense of power and wonder that they had never experienced before, and it was as if their lives had been transformed into a never-ending adventure.

Chapter 4: The Awakening

As their powers grew stronger, so did their bond. Daniel and Lily began to realize that their connection went beyond friendship; they were destined to be more than just friends.

One night, as they were practicing a spell in the sanctum, they suddenly felt an overwhelming surge of energy. The room around them began to shimmer, and when the light faded, they found themselves standing in a magical realm, a world that was filled with beauty, wonder, and danger.

They realized that they had unlocked the power to travel between the realms, and that their journey was only just beginning. With each new adventure, they would discover new abilities and face new challenges, but through it all, they would remain steadfast in their friendship and determination.

Chapter 5: The Reckoning

As Daniel and Lily continued their journey, they soon discovered that they were not the only ones who possessed magical abilities. In their world, there were those who sought to control and manipulate the magic for their own gain, and they would stop at nothing to achieve their nefarious goals.

One such individual was a powerful sorceress named Morgana, who had been trapped in the realm for centuries. With the help of her cunning and ruthless minions, she had managed to break free of her prison and was now determined to conquer the realm and bend its magic to her will.

Morgana and her minions posed a grave threat to Daniel and Lily, and they knew that they would have to face their greatest challenge if they were to protect their world and the people they cared about.

Chapter 6: The Final Battle

As Daniel and Lily prepared for their final showdown with Morgana, they knew that the outcome of the battle would determine the fate of their world. With the help of their newfound allies, they embarked on a quest to gather the ingredients necessary to create a powerful spell that would seal away Morgana and her minions for good.

The journey was fraught with danger, and they faced numerous obstacles and challenges along the way. However, through their unwavering determination and the strength of their bond, Daniel and Lily were able to overcome each obstacle and bring them one step closer to their goal.

Finally, after months of preparation and hardship, Daniel and Lily stood before Morgana, ready to confront her and her army of dark sorcerers. As the battle raged on, Daniel and Lily fought with every ounce of strength and courage they possessed, refusing to yield to the darkness that threatened to consume their world.

In the end, it was Lily's ability to see the magic within the world that proved to be their salvation. She used her unique gift to unleash a powerful spell that shattered Morgana's defenses and sealed her away for all eternity.

Chapter 7: The Aftermath

With Morgana and her minions defeated, Daniel and Lily returned to their realm, their hearts filled with a sense of triumph and relief. They knew that they had saved their world and the people they cared about, and they would forever be remembered as heroes.

As they walked through the woods, hand in hand, they realized that their journey had changed them in ways they could never have imagined. They had grown stronger, both physically and emotionally, and their bond had only grown stronger over time.

In the years that followed, Daniel and Lily continued to explore the realm, using their magical abilities to help others and protect their world from those who sought to do it harm. They knew that their adventure had come to an end, but they also knew that their story was far from over.

And so, as the sun set on the horizon and the first stars began to twinkle in the sky, Daniel and Lily looked into each other's eyes and smiled, knowing that they had found something truly magical in their lives, and that their love would continue to guide them through the trials and tribulations that lay ahead.

The Dreamer's Odyssey was a tale of courage, friendship, and the power of imagination. It was a story that had begun with the dreams of a young boy and a girl who dared to believe in the magic that existed just beneath the surface of reality. And as the sun set on the horizon of their adventure, they knew that their story would live on in the hearts and minds of those who heard it, a testament to the enduring power of love, friendship, and the boundless potential of the human spirit."
746,226189,"The Chronicles of Whiskers Creek: A Tale of Friendship, Adventure, and Mystery",Animal Fiction,"Once upon a time, in the heart of the Whisker's Creek Forest, a group of animals lived their lives in harmony and peace. The forest was a magical place, filled with mystical creatures and ancient wisdom. The animals of Whisker's Creek lived simple lives, working together to maintain their peaceful community.

The main characters of our story were a brave and intelligent squirrel named Squeaky, a wise and cunning fox named Foxy, and a kind-hearted and curious rabbit named Rabbit. Together, they formed an unbreakable bond of friendship and loyalty.

One day, as Squeaky, Foxy, and Rabbit were sitting under the shade of an ancient oak tree, they noticed a peculiar sight. A family of raccoons was struggling to carry a heavy load of fruits across the forest.

""Hey, guys, do you think we could help them carry those fruits?"" Squeaky asked.

Foxy and Rabbit nodded in agreement. ""Of course, we can help,"" Rabbit replied.

The trio approached the raccoons and offered their assistance. The raccoon family was grateful for the help and shared their story. They were on a journey to deliver the fruits to the wise old owl, who lived deep in the forest, as a token of gratitude for saving their lives from a dangerous predator.

The trio of friends agreed to join the raccoons on their journey, intrigued by the story and eager to meet the wise old owl. They embarked on their adventure, facing various challenges and overcoming obstacles along the way. They encountered a dangerous snake, a treacherous river, and a pack of hungry wolves, but with their wits and teamwork, they managed to overcome every challenge.

As they continued their journey, they noticed that their path was leading them to the heart of the Whisker's Creek Forest, where an ancient tree stood tall and proud. They knew that this tree was the dwelling place of the wise old owl.

Finally, after many days of traveling, they arrived at the ancient tree. The raccoon family thanked Squeaky, Foxy, and Rabbit for their unwavering support and handed over the fruits as a token of gratitude.

The wise old owl received the fruits and listened to the raccoons' story. He was grateful for their act of kindness and offered to share some of his ancient wisdom with the young friends.

The owl told them a tale about a hidden treasure that was buried deep within the forest. This treasure, he said, had the power to bring peace and prosperity to the entire Whisker's Creek Forest. The owl explained that the treasure could only be found by a group of friends working together in harmony.

The young friends were excited to embark on a new adventure and find the hidden treasure. They returned to their homes, eager to share the news with their families and the rest of the forest.

As word spread about the hidden treasure, the Whisker's Creek Forest was filled with hope and anticipation. The animals worked together, building a strong bond and creating a harmonious community.

However, there was a villain in the story. A cunning and ruthless fox named Slippery had a different plan. Slippery knew about the hidden treasure and wanted it all for himself. He was jealous of the friendship between Squeaky, Foxy, and Rabbit, and he sought to destroy their bond and claim the treasure as his own.

Slippery started spreading lies and rumors about Squeaky, Foxy, and Rabbit, claiming that they were greedy and selfish and only wanted the treasure for themselves. The animals of the forest began to doubt their friends and started to turn against them.

Squeaky, Foxy, and Rabbit were heartbroken to see their friends and family turn against them. They knew they had to do something to prove their innocence and bring unity back to the Whisker's Creek Forest.

They decided to set out on a quest to find the hidden treasure, hoping to use its power to restore harmony and trust among the animals of the forest. The journey was fraught with danger, but with their unwavering friendship and the ancient wisdom of the wise old owl, they managed to overcome every challenge that stood in their way.

After many days of searching, they finally discovered the hidden treasure. It was a magnificent golden chest filled with precious jewels and sparkling gems. The treasure was magical, and as soon as they touched it, they felt a surge of energy and power.

The treasure's power brought peace and harmony to the Whisker's Creek Forest, and the animals of the forest were reunited with their friends and families. The villainous Slippery was defeated and banished from the forest, and the friendship between Squeaky, Foxy, and Rabbit was stronger than ever.

In the end, the Chronicles of Whisker's Creek became a story of friendship, adventure, and mystery, a tale that would be passed down through generations, inspiring the animals of the forest to always remain united and true to their friends.

And so, the Whisker's Creek Forest continued to flourish, a testament to the power of friendship and the strength of a community that worked together in harmony. The legend of Squeaky, Foxy, and Rabbit lived on, as a reminder that even in the darkest of times, the power of friendship and unity could overcome any obstacle."
300,979918,The Interstellar Odyssey,Science Fiction,"In the year 2075, Earth had reached the precipice of its environmental and resource limits. The world's leaders had to make a difficult decision. They chose to invest their resources in a project that would potentially save humanity. The Interstellar Odyssey, an ambitious space exploration project, was born.

Dr. Evelyn Carter, a renowned astrophysicist, led the team of scientists and engineers responsible for designing the spacecraft. The vessel they christened the ""Nautilus"" was a marvel of engineering. The Nautilus was a sleek, 500-meter-long spaceship that could travel at speeds approaching the speed of light, thanks to its revolutionary propulsion system.

After years of preparation, the Nautilus was launched from Earth's orbit. Aboard the vessel were 500 crew members, a mix of scientists, engineers, and support personnel, who were selected from thousands of applicants from around the world. Among them was Dr. Carter, the project's lead scientist.

The Nautilus was headed for the star system Tau Ceti, located 11.9 light-years away. This star system had the right conditions for hosting Earth-like planets. The crew's mission was to explore these planets, determine their habitability, and search for extraterrestrial life.

As the Nautilus made its way through space, the crew faced several challenges. They encountered a rogue asteroid that damaged the vessel's hull, and the crew had to perform a risky repair operation in the vacuum of space. They also discovered a mysterious alien artifact that seemed to be communicating with them.

The crew's interactions with the artifact led them to a previously undiscovered planet, which they named New Earth. They found that this planet had a breathable atmosphere and abundant water, just like Earth. The crew began to explore the surface of the planet, hoping to find signs of life.

Dr. Carter and her team discovered a vast, ancient forest filled with towering trees and an astonishing variety of plant life. The forest seemed to be home to a diverse ecosystem, and they were thrilled by the potential for life they had found.

As the days went by, the crew's excitement grew. They discovered evidence of intelligent life on New Earth. They found remnants of a high-tech civilization that had once thrived on the planet. The crew found the remains of buildings, vehicles, and even a massive spaceport that indicated the presence of an advanced extraterrestrial civilization.

However, the crew's excitement was short-lived. They began to notice strange phenomena occurring around them. Their communications equipment malfunctioned, and they lost contact with the Nautilus. The forest seemed to be getting darker and more ominous with each passing day.

Dr. Carter and her team soon realized that they were not alone on New Earth. They encountered a group of humanoid creatures that seemed to be the remnants of the advanced civilization that once inhabited the planet. These beings, who called themselves the ""Ka'ra,"" were the last of their kind, and they had been hiding from a terrible enemy.

The Ka'ra revealed to Dr. Carter that they had been in a brutal war with an evil alien race called the ""Zy'lar."" The Zy'lar were an amorphous, shape-shifting species that fed on the life energy of other beings. They had hunted the Ka'ra across the galaxy, driving them to the brink of extinction.

The Ka'ra pleaded with Dr. Carter and her team to help them find a way to defeat the Zy'lar and save their species. The crew agreed to help, and they began working with the Ka'ra to develop a plan to combat the Zy'lar.

The Ka'ra revealed that the Zy'lar were weakened by a rare mineral found only on New Earth. The crew, along with the Ka'ra, embarked on a dangerous journey across the planet to find this mineral. They faced numerous challenges, including deadly traps and the constant threat of the Zy'lar.

Finally, after a harrowing journey, the crew and the Ka'ra found the mineral. They used it to create a weapon that could neutralize the Zy'lar's abilities. The crew and the Ka'ra confronted the Zy'lar in a final, epic battle.

The battle was fierce, and the crew and the Ka'ra fought bravely against the Zy'lar. Dr. Carter, using her knowledge of the Ka'ra's weapon, was able to strike a decisive blow against the Zy'lar leader, causing the entire horde of Zy'lar to dissipate into nothingness.

With the Zy'lar defeated, the crew and the Ka'ra celebrated their victory. The Ka'ra, grateful for the crew's help, offered them a place among their people. Dr. Carter and her team, realizing that their mission to explore New Earth was complete, decided to accept the Ka'ra's offer.

The crew settled on New Earth, joining the Ka'ra in rebuilding their civilization. Together, they worked to restore the planet to its former glory, learning from each other's knowledge and experiences.

As years passed, the crew and the Ka'ra formed a strong bond, becoming a unified people. They continued to explore the galaxy, using their combined knowledge and technology to advance their civilization and help other planets in need.

However, the story of the Nautilus and its crew would not end here. Unbeknownst to the crew and the Ka'ra, the Zy'lar were not truly defeated. A small group of Zy'lar had managed to escape and were biding their time, planning their revenge.

In the end, the crew and the Ka'ra would face their greatest challenge yet. The Zy'lar would return, seeking vengeance against the heroes who had defeated them. Would the crew and the Ka'ra be able to stand against this new threat, or would the darkness of the Zy'lar consume them all? Only time would tell in this epic tale of courage, sacrifice, and the never-ending battle between light and darkness."
341,183359,The Great Oceanic Quake,Disaster,"Once upon a time, in a small coastal town named Oceanview, life was peaceful, calm, and simple. The town was well-known for its beautiful beaches, friendly people, and the occasional storm. The residents of Oceanview enjoyed the natural beauty and the serenity that came with the ocean's rhythmic lullaby.

However, one day, the tranquility of Oceanview was shattered by a sudden and massive earthquake. The earth shook violently, and the ocean roared in fury, sending walls of water crashing onto the shore. Buildings crumbled, and the residents of Oceanview were left in a state of shock and disarray.

Among the chaos, a group of people came together to help one another. They became the heroes in this disaster story, risking their lives to save others. Among them were Jack, a local construction worker, Sarah, a schoolteacher, and Alex, a marine biologist.

As the disaster unfolded, Jack used his construction skills to help stabilize the damaged buildings. He was a strong and determined man, and his efforts saved many lives. Meanwhile, Sarah took it upon herself to gather the children and the elderly, ensuring their safety and comfort. She was a gentle soul, and her soothing presence calmed many frightened souls.

Alex, on the other hand, was a man of science, and he believed that understanding the forces at play could help save the town. He worked tirelessly to research the earthquake's cause and find a way to prevent further destruction.

As the hours passed, the trio worked together, their efforts becoming more coordinated and effective. Their teamwork was a shining example of human resilience and the power of unity in the face of adversity.

However, the villain in this story was not a person, but rather the relentless forces of nature. The earthquake continued to shake the town, and the ocean waves grew increasingly aggressive. The heroes were tirelessly working to help their fellow townspeople, but the forces of nature seemed to be working against them.

As the sun began to set on the third day of the disaster, the heroes were starting to feel the strain. They had been working nonstop, and the town was still in peril. Just as hope seemed to be fading, Alex made a breakthrough. He discovered that the earthquake was caused by a massive underwater landslide that had disrupted the ocean floor. He proposed a plan to mitigate the effects of the landslide and stabilize the ocean floor, which could potentially stop the earthquake.

With no time to lose, the heroes set out to put Alex's plan into action. They worked together, their skills and knowledge combining to create a formidable force against the forces of nature.

Meanwhile, a sinister figure was watching the heroes from afar. This man, named Richard, was a greedy businessman who saw the disaster as an opportunity to buy up the destroyed properties at a fraction of their worth. He had been working behind the scenes to undermine the heroes' efforts, hoping to profit from the tragedy.

As the heroes implemented Alex's plan, Richard decided to take matters into his own hands. He sent a group of his henchmen to sabotage the heroes' efforts, hoping to make the disaster even worse and drive the town to the brink of destruction.

The heroes, now aware of Richard's true intentions, redoubled their efforts, determined to save their town from both the disaster and Richard's greedy machinations. They worked tirelessly, their unity and determination a testament to the power of the human spirit.

As the final piece of the plan was put into place, the ocean floor stabilized, and the earthquake finally stopped. The town of Oceanview was saved, but the heroes knew that their work was far from over. They had to expose Richard's nefarious schemes and hold him accountable for his actions.

They began their investigation, uncovering a trail of corruption and greed that led directly to Richard's doorstep. They gathered evidence and confronted Richard, who was eventually arrested and brought to justice.

The people of Oceanview, who had been through so much, finally found some semblance of peace and stability. They celebrated their heroes, who had saved their town from disaster and exposed the villain who had sought to profit from their suffering.

In the end, the story of Oceanview's great earthquake was a tale of heroism, unity, and resilience in the face of overwhelming odds. It served as a reminder that even in the darkest of times, people can come together and overcome any obstacle. And as the sun set on the town of Oceanview, the people were left with a newfound sense of hope and determination, knowing that they had the strength to face whatever challenges life threw their way."
851,620759,The Enigmatic Case of the Missing Paintings,Mystery Comedy,"In the small, picturesque town of Monetville, known for its flourishing art scene and passionate artists, an unusual mystery unfolded. The town was named after the famous painter, Claude Monet, who was born there. The local art museum was a place of pride for the townspeople as it housed some of the most valuable and rare paintings by Monet himself.

The story begins with Detective Samuel Hartley, a renowned private investigator, arriving in Monetville. He was a tall, distinguished man in his early 40s, with a keen mind and a sharp wit. He was known for his uncanny ability to solve even the most puzzling cases. His assistant, Sarah, a young and ambitious woman in her late 20s, accompanied him.

Upon arriving, they were greeted by the town's mayor, Vincent Moreau. A well-respected businessman, Moreau was a direct descendant of Claude Monet. He was a tall, imposing figure with piercing blue eyes and an air of authority. Moreau explained that several priceless paintings by Monet had vanished from the museum without a trace. The case had become a source of great distress for the town, and the mayor himself had offered a handsome reward for the safe return of the missing artwork.

Detective Hartley and Sarah began their investigation by examining the crime scene. The museum was a grand, two-story building with a beautiful, well-manicured garden surrounding it. The entrance was adorned with a statue of Claude Monet, which had a plaque stating that the museum was a tribute to the great artist.

As they entered the museum, they were met by the museum curator, Amelia Dumont. She was a middle-aged woman, a bit frumpy but with a keen eye for art. She led them to the gallery where the missing paintings were displayed. The room was dimly lit, with the paintings hanging on the walls in their usual positions. There were no signs of forced entry or any other clue that could lead them to the culprit.

Detective Hartley, however, was not deterred. He meticulously examined every inch of the room, while Sarah took notes and photographed the scene. They discovered that each missing painting had been replaced with a forgery of inferior quality. This revelation indicated that the thief was knowledgeable about art, but was also in a hurry.

As the investigation continued, Detective Hartley and Sarah interviewed the museum staff and the local art community. They spoke to art enthusiasts, collectors, and even the town's resident painter, who was none other than Vincent Moreau's daughter, Isabelle. She was a young, talented artist with a rebellious streak. She often clashed with her father over the direction the town should take in terms of art and culture.

During their investigation, they stumbled upon a piece of vital information. It was revealed that a mysterious, wealthy art collector named Alistair Blackwood had recently moved to Monetville. He was known for his lavish parties and his extensive collection of rare and valuable paintings. This new lead provided them with a possible motive for the theft.

With this new information, they decided to pay a visit to Alistair Blackwood's mansion. As they approached the imposing building, they were greeted by a butler who introduced himself as Mr. Worthington. He led them to Blackwood's study, which was adorned with priceless works of art and exquisite furniture.

Blackwood was a tall, elegant man in his early 60s with a silver goatee. He had an air of sophistication about him that was hard to miss. He was not at all pleased to see them and accused them of invading his privacy. However, Detective Hartley was undeterred and confronted Blackwood with the information they had gathered.

Blackwood, visibly shaken, admitted to having knowledge of the stolen paintings. He explained that he had been in possession of a map that led to the hidden chamber where the missing paintings were stored. The map had been passed down through generations and was believed to have been created by Claude Monet himself.

Blackwood claimed that he had found the entrance to the chamber, located beneath the museum garden, and had retrieved the paintings to protect them from falling into the wrong hands. He argued that the town was not ready to handle the responsibility of safeguarding such priceless artwork.

Detective Hartley, however, was not convinced. He believed that Blackwood had stolen the paintings with the intention of adding them to his own collection. He confronted Blackwood, who finally broke down and confessed to his crime. He revealed that he had hidden the paintings in a secret compartment within his mansion.

With the confession, Detective Hartley and Sarah retrieved the stolen paintings and returned them to the museum. The town rejoiced, and the mayor offered a generous reward to the investigators. However, a twist was yet to unfold.

As they were about to leave Monetville, they received an anonymous tip that there was one more painting that had been stolen, which was not part of the initial investigation. The tipster claimed that the painting was hidden within the museum itself, and they had to solve a series of puzzles to find it.

Detective Hartley and Sarah, intrigued by the challenge, accepted the mission. They spent the next few days deciphering the clues and solving the puzzles. Their journey took them through hidden passageways, secret rooms, and even a trapdoor that led them to the underground chamber.

Finally, they discovered the missing painting, which was none other than ""The Enigmatic Garden,"" a masterpiece by Claude Monet. It was the last of the missing paintings, and its discovery brought a sense of closure to the case. The town of Monetville was once again filled with pride, and the museum was more popular than ever.

In the end, Detective Hartley and Sarah returned to their home city, leaving Monetville behind with a sense of satisfaction. They had solved the mystery of the missing paintings and had brought justice to the town. However, the townspeople of Monetville would never forget the adventures of the enigmatic case of the missing paintings, and the heroes who brought them to a close."
249,362525,The Legacy Unearthed,Alternate Reality,"In a world that was not too dissimilar from our own, there existed a land known as the Lost Kingdom. This land was nestled between the majestic peaks of the Western Mountains and the vast expanse of the Eastern Plains. The people of this kingdom lived in harmony with nature, relying on the fertile soil, plentiful rivers, and abundant wildlife for their sustenance and prosperity.

    The Lost Kingdom was ruled by the wise and benevolent King Alaric. He had inherited the throne from his father, the late King Valor, who was known for his unwavering courage and strength. King Alaric was admired by his subjects for his fair and just rule, his deep love for the kingdom, and his exceptional wisdom.

    In the heart of the Lost Kingdom, there was a magical tree known as the Tree of Life. This ancient and sacred tree had the power to grant its fruit to those who deserved it, bestowing upon them extraordinary abilities and powers. The people of the kingdom believed that the tree had chosen King Alaric as its guardian, as he was the one who had discovered and protected the tree from the clutches of the evil sorcerer, Malachor, who sought to harness its power for his own malevolent purposes.

    Malachor, the primary antagonist of the story, was a powerful sorcerer who had been exiled from his own kingdom for his dark and nefarious deeds. He had sworn vengeance against King Alaric and the Lost Kingdom, and would stop at nothing to see them brought to ruin.

    One day, as the people of the Lost Kingdom were celebrating the annual Festival of the Harvest, Malachor launched a sudden and devastating attack on the kingdom. He had amassed a large army of dark and twisted creatures, and with the help of his sorcerous powers, he was able to cast a dark spell that plunged the kingdom into perpetual night.

    As the darkness enveloped the kingdom, the people were filled with fear and despair. They looked to King Alaric for guidance and protection, but he was powerless to stop the darkness that had befallen them. In their darkest hour, the people of the Lost Kingdom turned to the Tree of Life for help.

    The Tree of Life, sensing the danger that the kingdom was in, bestowed its power upon King Alaric and a small group of heroes who had earned its trust. Among these heroes were the brave and cunning Princess Elara, the skilled and resourceful archer, Arden, and the wise and knowledgeable scholar, Valerian.

    Armed with their newfound powers, King Alaric and his heroes set out to confront Malachor and his dark army. They fought valiantly, using their abilities to vanquish the evil creatures that stood before them. As they drew closer to Malachor, they encountered more powerful and dangerous foes, each more difficult to defeat than the last.

    The battle reached its climax as King Alaric and his heroes confronted Malachor in his lair, a dark and foreboding castle nestled deep within the heart of the Western Mountains. As they engaged in a fierce and epic battle, the fate of the Lost Kingdom hung in the balance.

    In the heat of the battle, Princess Elara displayed her incredible agility and combat prowess, fending off the sorcerer's minions and protecting her father, the king. Arden, with his unerring aim and deadly precision, rained arrows down upon the dark army, buying time for the others to press their attack on Malachor.

    Valerian, the wise scholar, used his knowledge of ancient lore and arcane secrets to weaken Malachor's defenses and expose his vulnerabilities. He uncovered the secret of the sorcerer's dark power, which was fueled by the suffering and despair of the people of the Lost Kingdom.

    As the battle raged on, King Alaric and Malachor fought a fierce duel, each trying to outmaneuver the other and strike the decisive blow. In a moment of supreme effort, King Alaric managed to pierce Malachor's defenses and strike a blow that shattered the sorcerer's dark magic, causing the dark spell that had enveloped the kingdom to begin to unravel.

    With the spell beginning to fade, the people of the Lost Kingdom found the strength to rise up against the dark army and drive them back, freeing the kingdom from the clutches of darkness. As the last of the darkness faded, the Tree of Life emerged from the shadows, its branches reaching out to embrace the heroes who had fought so valiantly to save their kingdom.

    The Tree of Life bestowed upon them a final gift, a symbol of their bravery and selflessness, and as the sun rose over the Lost Kingdom, the people rejoiced in their victory, knowing that they had been saved by the heroes who had stood against the darkness.

    And so, the people of the Lost Kingdom lived in peace and prosperity, their kingdom protected by the Tree of Life and the heroes who had earned its favor. The story of King Alaric and his heroes became a legend, passed down through the generations, a testament to the power of courage, sacrifice, and the indomitable spirit of the Lost Kingdom.

    In the end, the tale of the Lost Kingdom serves as a reminder that even in the darkest of times, there are those who will rise up to defend their home and their people, no matter the cost. For it is in the face of adversity that heroes are born, and legends are made."
709,794662,The Nightmare of Neon Valley,Crime,"In the heart of a bustling city called Neon Valley, a crime wave had begun to sweep through the streets. At the forefront of this criminal underworld was a notorious gang known as the Scarlet Syndicate, led by a cunning and ruthless woman named Isabella. Under her watch, the Scarlet Syndicate had become a force to be reckoned with, controlling the city's underbelly with an iron grip.

    In the midst of this chaos, a hero emerged. His name was Jack Harper, a former detective turned private investigator who had a knack for solving cases that others couldn't. Jack's past haunted him, as he had lost his wife to a hit and run accident orchestrated by none other than Isabella herself.

    Driven by vengeance and a desire to cleanse the city of its scourge, Jack began to investigate the Scarlet Syndicate. With each passing day, he uncovered more and more information about the gang's criminal activities, but no matter how hard he tried, he couldn't find any solid evidence against Isabella.

    Meanwhile, on the other side of the law, Isabella had caught wind of Jack's investigations and grew increasingly concerned. She decided to take matters into her own hands and eliminate the threat that Jack posed to her organization.

    One fateful night, Jack was ambushed by a group of Scarlet Syndicate thugs while he was on his way home from a late-night meeting with an informant. The thugs, armed with knives and brass knuckles, surrounded him and demanded that he hand over any information he had gathered about the gang.

    Jack, knowing that he had no choice but to fight his way out of this predicament, engaged in a brutal hand-to-hand combat with the thugs. Despite being outnumbered, he managed to subdue most of them and escape. However, in the process, he sustained several injuries and was left with no choice but to seek medical attention.

    As Jack lay in his hospital bed, recovering from his wounds, he couldn't shake the feeling that Isabella was closing in on him. He knew that he needed to act quickly if he wanted to bring her down and save the city from the Scarlet Syndicate's grip.

    In an attempt to gather more information about Isabella's whereabouts, Jack decided to infiltrate the gang's headquarters. With the help of a mole he had met during his investigations, he managed to gain access to the building. The mole, a former member of the gang who had turned against them, guided him through the labyrinthine corridors of the headquarters until they finally reached Isabella's office.

    As Jack entered the office, he found Isabella seated behind her desk, a smirk on her face as she looked at him. ""You think you can just walk in here and take me down?"" she sneered. ""You're nothing but a pathetic little man, trying to make a name for yourself by taking me down.""

    Ignoring her taunts, Jack focused on the task at hand. He quickly scanned the room for any evidence that could incriminate Isabella, but to his dismay, he found nothing. Just as he was about to leave, Isabella revealed her true plan: she had planted a bomb in the building that would destroy the entire headquarters, along with all the evidence Jack had gathered.

    With time running out, Jack had no choice but to confront Isabella and try to defuse the bomb. As they raced against the clock, the two engaged in a fierce battle of wits, each trying to outsmart the other. In the end, Jack managed to disarm the bomb, but not before Isabella had escaped through a secret passageway.

    Defeated but not disheartened, Jack knew that he had to keep pushing forward. He vowed to himself that he would bring Isabella to justice and save the city from the Scarlet Syndicate's reign of terror.

    With the help of his trusted allies, Jack continued his investigation, following the clues that would lead him to Isabella. As the days turned into weeks, and the weeks into months, Jack began to uncover a web of corruption that extended far beyond the Scarlet Syndicate.

    He discovered that Isabella had infiltrated the city's government and had managed to gain control over the police force, allowing her to operate her criminal empire with impunity. With this newfound knowledge, Jack realized that the battle against Isabella would be far more challenging than he had ever imagined.

    As the months went by, Jack's relentless pursuit of justice began to take its toll on him. His friendships and relationships suffered, and he found himself increasingly isolated from the world around him. Despite the odds stacked against him, he refused to give up, driven by his unwavering sense of right and wrong.

    One fateful day, while on a routine patrol of the city, Jack stumbled upon a secret meeting between Isabella and one of her high-ranking officials. As they discussed their latest criminal ventures, they inadvertently mentioned a secret location where they were planning to store their ill-gotten gains.

    Armed with this crucial piece of information, Jack decided to assemble a team of experts who could help him infiltrate the secret facility and bring down the Scarlet Syndicate once and for all. Together, they devised a plan that would allow them to sneak into the facility and retrieve the evidence they needed to expose Isabella and her cronies.

    The night of the raid, Jack and his team infiltrated the secret facility, avoiding the tight security measures that had been put in place. As they navigated through the labyrinthine corridors of the facility, they encountered several guards and security cameras that threatened to reveal their presence.

    However, with each obstacle they overcame, they grew more and more confident in their ability to succeed. Finally, after a series of tense encounters and narrow escapes, they reached the heart of the facility, where they discovered a vast vault filled with stolen goods and incriminating documents.

    As they began to gather the evidence, they were suddenly ambushed by Isabella and her henchmen. In a desperate battle, Jack and his team fought valiantly against their adversaries, but ultimately, they were overwhelmed and captured.

    With Jack now in Isabella's clutches, she gloated over her victory, taunting him with the knowledge that she had once again outsmarted him. As she prepared to execute her final plan - to destroy the city and frame Jack for the destruction - he found an unexpected ally in one of her own henchmen, who had grown tired of her cruelty and tyranny.

    The henchman, a man named Victor, had witnessed firsthand the devastation that Isabella had brought upon the city, and he was determined to put an end to her reign of terror. Together, Jack and Victor devised a plan to turn the tables on Isabella and bring her down once and for all.

    As the day of the city's destruction drew near, Jack and Victor executed their plan, using their combined skills and knowledge to outwit Isabella and her henchmen. In a thrilling climax, they managed to foil her plans and expose her crimes to the world, bringing her empire crashing down around her.

    With Isabella behind bars and the Scarlet Syndicate disbanded, Jack finally felt a sense of relief and satisfaction, knowing that he had succeeded in his quest to save the city from the darkness that had plagued it for so long.

    In the aftermath of their victory, Jack and his allies worked tirelessly to rebuild the city and restore it to its former glory. Through their efforts, they were able to bring hope and justice to the people who had suffered at the hands of the Scarlet Syndicate, and in the process, they became true heroes in the eyes of the citizens they had sworn to protect.

    And so, the story of Jack Harper and his battle against the Scarlet Syndicate came to a close. Though the journey had been fraught with danger, heartache, and loss, it had ultimately led to the triumph of good over evil, and the reaffirmation of the power of hope and determination in the face of adversity.

    In the end, Jack's story served as a powerful reminder that even in the darkest of times, there are those who will stand up and fight for what is right, and that true heroes can be found in the most unexpected of places."
